Name,Code,Easting,Northing,Elevation,Description,Longitude,Latitude,Ellipsoidal height,Origin,Easting RMS,Northing RMS,Elevation RMS,Lateral RMS,Antenna height,Antenna height units,Solution status,Averaging start,Averaging end,Samples,PDOP,GDOP,Base easting,Base northing,Base elevation,Base longitude,Base latitude,Base ellipsoidal height,Baseline,Mount point,CS name,GPS Satellites,GLONASS Satellites,Galileo Satellites,BeiDou Satellites,QZSS Satellites
67,,,,,,-78.67262776,35.77420036,92.806,Global,0.010,0.010,0.017,0.014,2.134,m,FIX,2024-11-25 14:00:38.0 UTC-05:00,2024-11-25 14:00:38.0 UTC-05:00,1,2.0,2.4,,,,-78.67269903,35.77420878,103.416,10.688,VRS_RTCM3,Global CS,7,5,0,0,0
98,,,,,,-78.67261430,35.77421212,92.797,Global,0.010,0.010,0.017,0.014,2.134,m,FIX,2024-11-25 14:00:53.0 UTC-05:00,2024-11-25 14:00:53.0 UTC-05:00,1,2.0,2.4,,,,-78.67269903,35.77420878,103.416,11.438,VRS_RTCM3,Global CS,7,5,0,0,0
69,,,,,,-78.67259645,35.77423695,92.868,Global,0.010,0.010,0.017,0.014,2.134,m,FIX,2024-11-25 14:01:13.0 UTC-05:00,2024-11-25 14:01:13.0 UTC-05:00,1,2.0,2.4,,,,-78.67269903,35.77420878,103.416,12.907,VRS_RTCM3,Global CS,7,5,0,0,0
71,,,,,,-78.67256660,35.77427277,92.906,Global,0.010,0.010,0.017,0.014,2.134,m,FIX,2024-11-25 14:01:30.0 UTC-05:00,2024-11-25 14:01:30.0 UTC-05:00,1,2.0,2.4,,,,-78.67269903,35.77420878,103.416,16.246,VRS_RTCM3,Global CS,8,5,0,0,0
73,,,,,,-78.67253635,35.77430939,92.890,Global,0.010,0.010,0.017,0.014,2.134,m,FIX,2024-11-25 14:01:46.0 UTC-05:00,2024-11-25 14:01:46.0 UTC-05:00,1,2.0,2.4,,,,-78.67269903,35.77420878,103.416,20.283,VRS_RTCM3,Global CS,9,5,0,0,0
86,,,,,,-78.67253466,35.77429559,92.917,Global,0.010,0.010,0.015,0.014,2.134,m,FIX,2024-11-25 14:02:22.0 UTC-05:00,2024-11-25 14:02:22.0 UTC-05:00,1,1.8,2.1,,,,-78.67269903,35.77420878,103.416,19.587,VRS_RTCM3,Global CS,9,5,0,0,0
87,,,,,,-78.67252414,35.77430953,92.873,Global,0.010,0.010,0.015,0.014,2.134,m,FIX,2024-11-25 14:02:34.0 UTC-05:00,2024-11-25 14:02:34.0 UTC-05:00,1,1.8,2.1,,,,-78.67269903,35.77420878,103.416,21.113,VRS_RTCM3,Global CS,9,5,0,0,0
101,,,,,,-78.67251448,35.77429556,92.895,Global,0.010,0.010,0.015,0.014,2.134,m,FIX,2024-11-25 14:02:55.0 UTC-05:00,2024-11-25 14:02:55.0 UTC-05:00,1,1.8,2.1,,,,-78.67269903,35.77420878,103.416,21.012,VRS_RTCM3,Global CS,9,5,0,0,0
72,,,,,,-78.67250330,35.77428172,92.846,Global,0.010,0.010,0.015,0.014,2.134,m,FIX,2024-11-25 14:03:12.0 UTC-05:00,2024-11-25 14:03:12.0 UTC-05:00,1,1.8,2.1,,,,-78.67269903,35.77420878,103.416,21.210,VRS_RTCM3,Global CS,9,5,0,0,0
115,,,,,,-78.67249341,35.77429542,92.850,Global,0.010,0.010,0.015,0.014,2.134,m,FIX,2024-11-25 14:03:27.0 UTC-05:00,2024-11-25 14:03:27.0 UTC-05:00,1,1.8,2.1,,,,-78.67269903,35.77420878,103.416,22.565,VRS_RTCM3,Global CS,9,5,0,0,0
129,,,,,,-78.67248791,35.77428172,92.855,Global,0.011,0.011,0.026,0.016,2.134,m,FIX,2024-11-25 14:03:43.0 UTC-05:00,2024-11-25 14:03:43.0 UTC-05:00,1,1.8,2.1,,,,-78.67269903,35.77420878,103.416,22.382,VRS_RTCM3,Global CS,9,5,0,0,0
84,,,,,,-78.67256374,35.77425700,92.914,Global,0.010,0.010,0.018,0.014,2.134,m,FIX,2024-11-25 14:04:09.0 UTC-05:00,2024-11-25 14:04:09.0 UTC-05:00,1,2.1,2.5,,,,-78.67269903,35.77420878,103.416,15.757,VRS_RTCM3,Global CS,9,5,0,0,0
99,,,,,,-78.67254322,35.77425939,92.893,Global,0.010,0.010,0.018,0.014,2.134,m,FIX,2024-11-25 14:04:23.0 UTC-05:00,2024-11-25 14:04:23.0 UTC-05:00,1,2.1,2.5,,,,-78.67269903,35.77420878,103.416,17.332,VRS_RTCM3,Global CS,9,5,0,0,0
112,,,,,,-78.67253304,35.77424531,92.824,Global,0.010,0.010,0.018,0.014,2.134,m,FIX,2024-11-25 14:04:43.0 UTC-05:00,2024-11-25 14:04:43.0 UTC-05:00,1,2.1,2.5,,,,-78.67269903,35.77420878,103.416,17.698,VRS_RTCM3,Global CS,9,5,0,0,0
113,,,,,,-78.67252049,35.77425469,92.850,Global,0.010,0.010,0.018,0.014,2.134,m,FIX,2024-11-25 14:04:52.0 UTC-05:00,2024-11-25 14:04:52.0 UTC-05:00,1,2.1,2.5,,,,-78.67269903,35.77420878,103.416,18.912,VRS_RTCM3,Global CS,9,5,0,0,0
127,,,,,,-78.67251702,35.77424439,92.822,Global,0.010,0.010,0.021,0.014,2.134,m,FIX,2024-11-25 14:05:06.0 UTC-05:00,2024-11-25 14:05:06.0 UTC-05:00,1,2.5,3.0,,,,-78.67269903,35.77420878,103.416,18.922,VRS_RTCM3,Global CS,9,5,0,0,0
125,,,,,,-78.67254580,35.77420722,92.803,Global,0.010,0.010,0.018,0.014,2.134,m,FIX,2024-11-25 14:05:24.0 UTC-05:00,2024-11-25 14:05:24.0 UTC-05:00,1,2.1,2.5,,,,-78.67269903,35.77420878,103.416,16.244,VRS_RTCM3,Global CS,9,5,0,0,0
110,,,,,,-78.67256262,35.77421240,92.783,Global,0.010,0.010,0.018,0.014,2.134,m,FIX,2024-11-25 14:05:39.0 UTC-05:00,2024-11-25 14:05:39.0 UTC-05:00,1,2.1,2.5,,,,-78.67269903,35.77420878,103.416,14.984,VRS_RTCM3,Global CS,9,5,0,0,0
111,,,,,,-78.67255134,35.77422434,92.850,Global,0.010,0.010,0.018,0.014,2.134,m,FIX,2024-11-25 14:05:52.0 UTC-05:00,2024-11-25 14:05:52.0 UTC-05:00,1,2.1,2.5,,,,-78.67269903,35.77420878,103.416,15.887,VRS_RTCM3,Global CS,9,5,0,0,0
97,,,,,,-78.67257182,35.77422142,92.855,Global,0.010,0.010,0.018,0.014,2.134,m,FIX,2024-11-25 14:06:13.0 UTC-05:00,2024-11-25 14:06:13.0 UTC-05:00,1,2.1,2.5,,,,-78.67269903,35.77420878,103.416,14.328,VRS_RTCM3,Global CS,9,5,0,0,0
82,,,,,,-78.67259384,35.77422626,92.843,Global,0.010,0.010,0.018,0.014,2.134,m,FIX,2024-11-25 14:06:31.0 UTC-05:00,2024-11-25 14:06:31.0 UTC-05:00,1,2.1,2.5,,,,-78.67269903,35.77420878,103.416,12.862,VRS_RTCM3,Global CS,9,5,0,0,0
83,,,,,,-78.67257736,35.77423998,92.877,Global,0.010,0.010,0.018,0.014,2.134,m,FIX,2024-11-25 14:06:47.0 UTC-05:00,2024-11-25 14:06:47.0 UTC-05:00,1,2.1,2.5,,,,-78.67269903,35.77420878,103.416,14.271,VRS_RTCM3,Global CS,9,5,0,0,0
124,,,,,,-78.67256425,35.77418404,92.720,Global,0.010,0.010,0.015,0.014,2.134,m,FIX,2024-11-25 14:08:10.0 UTC-05:00,2024-11-25 14:08:10.0 UTC-05:00,1,1.8,2.0,,,,-78.67269903,35.77420878,103.416,15.144,VRS_RTCM3,Global CS,9,4,0,0,0
123,,,,,,-78.67257135,35.77417512,92.706,Global,0.010,0.010,0.018,0.014,2.134,m,FIX,2024-11-25 14:08:21.0 UTC-05:00,2024-11-25 14:08:21.0 UTC-05:00,1,2.1,2.5,,,,-78.67269903,35.77420878,103.416,14.858,VRS_RTCM3,Global CS,9,4,0,0,0
109,,,,,,-78.67258040,35.77418628,92.752,Global,0.010,0.010,0.015,0.014,2.134,m,FIX,2024-11-25 14:08:40.0 UTC-05:00,2024-11-25 14:08:40.0 UTC-05:00,1,1.8,2.1,,,,-78.67269903,35.77420878,103.416,13.930,VRS_RTCM3,Global CS,9,4,0,0,0
96,,,,,,-78.67259152,35.77419889,92.775,Global,0.010,0.010,0.018,0.014,2.134,m,FIX,2024-11-25 14:09:03.0 UTC-05:00,2024-11-25 14:09:03.0 UTC-05:00,1,2.1,2.5,,,,-78.67269903,35.77420878,103.416,12.964,VRS_RTCM3,Global CS,9,4,0,0,0
95,,,,,,-78.67259973,35.77418741,92.776,Global,0.010,0.010,0.018,0.014,2.134,m,FIX,2024-11-25 14:09:14.0 UTC-05:00,2024-11-25 14:09:14.0 UTC-05:00,1,2.1,2.5,,,,-78.67269903,35.77420878,103.416,12.594,VRS_RTCM3,Global CS,9,4,0,0,0
81,,,,,,-78.67260594,35.77420206,92.795,Global,0.010,0.010,0.018,0.014,2.134,m,FIX,2024-11-25 14:09:32.0 UTC-05:00,2024-11-25 14:09:32.0 UTC-05:00,1,2.1,2.6,,,,-78.67269903,35.77420878,103.416,11.976,VRS_RTCM3,Global CS,9,4,0,0,0
74,,,,,,-78.67255186,35.77427576,92.896,Global,0.010,0.010,0.017,0.014,2.134,m,FIX,2024-11-25 14:11:50.0 UTC-05:00,2024-11-25 14:11:50.0 UTC-05:00,1,2.0,2.4,,,,-78.67269903,35.77420878,103.416,17.397,VRS_RTCM3,Global CS,9,4,0,0,0
